js_file,projects,pct
bundle.js,1089,39.4
sketch.js,902,32.7
p5.min.js,857,31.0
p5.js,606,21.9
index.js,436,15.8
p5.sound.min.js,271,9.8
script.js,136,4.9
fxhash.min.js,124,4.5
hydra-synth.js,111,4.0
fxhash.js,111,4.0
main.js,92,3.3
p5.dom.min.js,45,1.6
colors.js,36,1.3
utils.js,30,1.1
lc.js,30,1.1
mySketch.js,29,1.1
patch.js,27,1.0
TESTE.js,26,0.9
OrbitControls.js,23,0.8
three.min.js,20,0.7
helpers.js,19,0.7
script-hydra.js,19,0.7
three.js,19,0.7
tinycolor.umd.min.js,19,0.7
chroma.min.js,17,0.6
index.min.js,17,0.6
app.js,17,0.6
p5.scribble.js,17,0.6
features.js,16,0.6
palettes.js,15,0.5
p5.sound.js,14,0.5
p5.svg.js,14,0.5
perlin.js,13,0.5
p5.pattern.js,12,0.4
random.js,11,0.4
CCapture.all.min.js,11,0.4
Cell.js,11,0.4
three.module.js,11,0.4
audio.js,10,0.4
p5.pre-min.js,10,0.4
tools.js,10,0.4
snippet.js,10,0.4
p5-test.js,9,0.3
grain.js,9,0.3
kenzo.js,8,0.3
gradient.js,8,0.3
particle.js,7,0.3
frame.js,7,0.3
chroma.js,7,0.3
feature.js,7,0.3
util.js,7,0.3
p5.min2.js,7,0.3
fx.js,7,0.3
classes.js,7,0.3
interface.js,7,0.3
babylon.js,7,0.3
shaderrender.js,7,0.3
draw.js,7,0.3
gen.js,7,0.3
gif.worker.js,7,0.3
sketch.min.js,7,0.3
grid.js,7,0.3
base.js,6,0.2
shaders.js,6,0.2
setup.js,6,0.2
interaction.js,6,0.2
action.js,6,0.2
gif.js,6,0.2
tph_fxhash_extension.js,6,0.2
randomValue.js,6,0.2
p5.grain.min.js,6,0.2
arrays.js,6,0.2
math.js,6,0.2
p5.basics.js,6,0.2
fxhashconfig.js,5,0.2
texture.js,5,0.2
TrackballControls.js,5,0.2
sketchO.js,5,0.2
tinycolor-min.js,5,0.2
processing.js,5,0.2
DisplayEngine2d.js,5,0.2
tree.js,5,0.2
Colors.js,5,0.2
grid2.js,5,0.2
html2canvas.min.js,5,0.2
fxRandHelper.js,5,0.2
fxTrait.js,5,0.2
script.min.js,5,0.2
p5.grain.core.js,5,0.2
palette.js,5,0.2
instancefractals.js,5,0.2
ntc.js,5,0.2
grid1.js,5,0.2
fifuli.js,5,0.2
tone.js,5,0.2
tonal.js,5,0.2
colours.js,5,0.2
cart.js,5,0.2
jquery.min.js,5,0.2
terrain.js,4,0.1
Features.js,4,0.1
ammo.wasm.js,4,0.1
static_js_runtime-main.dfaed739.js,4,0.1
MainObject.js,4,0.1
ColorTools.js,4,0.1
Util.js,4,0.1
sketch1.js,4,0.1
noise.js,4,0.1
OBJLoader.js,4,0.1
svg.min.js,4,0.1
stats.module.js,4,0.1
assets.js,4,0.1
AssetManager.js,4,0.1
simplex.js,4,0.1
PointerLockControls.js,4,0.1
FirstPersonControls.js,4,0.1
polygon.js,4,0.1
hydra-js.js,4,0.1
lerpquads1.js,4,0.1
lerpquads1_backup.js,4,0.1
p5.easycam.min.js,4,0.1
FlyControls.js,4,0.1
js.js,4,0.1
p5.createloop.js,4,0.1
webm-writer-0.2.0.js,4,0.1
download.js,4,0.1
sounddesign.js,4,0.1
node.js,4,0.1
gpu-browser.min.js,4,0.1
timer.js,3,0.1
p5.brush.min.js,3,0.1
p5.flex.js,3,0.1
map.js,3,0.1
loading.js,3,0.1
WebGL.js,3,0.1
dat.gui.min.js,3,0.1
constants.js,3,0.1
NormalMapNode.js,3,0.1
ViewportNode.js,3,0.1
SplitNode.js,3,0.1
WebGPUNodeBuilder.js,3,0.1
WebGPUBuffer.js,3,0.1
NodeMaterial.js,3,0.1
layers.data.js,3,0.1
flor2.js,3,0.1
p5.riso.js,3,0.1
geometry.js,3,0.1
p5-v1.0.0.min.js,3,0.1
eyesinthedark.js,3,0.1
polarsequencer.js,3,0.1
mosaic.js,3,0.1
junin.js,3,0.1
WebGPURenderPipelines.js,3,0.1
p5.collide2d.min.js,3,0.1
GLSLNodeParser.js,3,0.1
line.js,3,0.1
lib.js,3,0.1
webpd-runtime.js,3,0.1
OpenSimplexNoise.js,3,0.1
CodeNode.js,3,0.1
SlotNode.js,3,0.1
WebGPUStorageBuffer.js,3,0.1
PointsNodeMaterial.js,3,0.1
CubeTextureNode.js,3,0.1
NodeUtils.js,3,0.1
DragControls.js,3,0.1
WebGPUSampler.js,3,0.1
BRDF_BlinnPhong.js,3,0.1
getRoughness.js,3,0.1
UVNode.js,3,0.1
TangentNode.js,3,0.1
NodeFunction.js,3,0.1
flow.module.js,3,0.1
PointUVNode.js,3,0.1
SpecularMIPLevelNode.js,3,0.1
getDirectionVector.js,3,0.1
JoinNode.js,3,0.1
OimoPhysics.js,3,0.1
CSS3DRenderer.js,3,0.1
MeshPhysicalNodeMaterial.js,3,0.1
WebGLNodeBuilder.js,3,0.1
OperatorNode.js,3,0.1
WebGPURenderer.js,3,0.1
BRDF_GGX.js,3,0.1
WebGPUAnimation.js,3,0.1
ktx-parse.module.js,3,0.1
AnalyticLightNode.js,3,0.1
p5.dom.js,3,0.1
PackingNode.js,3,0.1
SpriteSheetUVNode.js,3,0.1
WebGPUUniform.js,3,0.1
NodeKeywords.js,3,0.1
MeshPhongNodeMaterial.js,3,0.1
WebGPUInfo.js,3,0.1
ReferenceNode.js,3,0.1
ReflectVectorNode.js,3,0.1
SVGRenderer.js,3,0.1
EnvironmentNode.js,3,0.1
NodeObjectLoader.js,3,0.1
SkinningNode.js,3,0.1
PhongLightingModel.js,3,0.1
Nodes.js,3,0.1
WGSLNodeParser.js,3,0.1
WGSLNodeFunction.js,3,0.1
TextureNode.js,3,0.1
NodeAttribute.js,3,0.1
VarNode.js,3,0.1
GLSLNodeFunction.js,3,0.1
WebGPUTextureRenderer.js,3,0.1
WebGPUBinding.js,3,0.1
BufferNode.js,3,0.1
WebGPUAttributes.js,3,0.1
NodeMaterialLoader.js,3,0.1
InputNode.js,3,0.1
ToneMappingNode.js,3,0.1
ComputeNode.js,3,0.1
mx_hsv.js,3,0.1
PointLightNode.js,3,0.1
lottie_canvas.module.js,3,0.1
DFGApprox.js,3,0.1
D_GGX.js,3,0.1
TempNode.js,3,0.1
p5.easing.js,3,0.1
VaryingNode.js,3,0.1
ColorSpaceNode.js,3,0.1
WebGPURenderStates.js,3,0.1
meshopt_decoder.module.js,3,0.1
CheckerNode.js,3,0.1
basis_transcoder.js,3,0.1
ArrayUniformNode.js,3,0.1
FrontFacingNode.js,3,0.1
ColorAdjustmentNode.js,3,0.1
NodeUniform.js,3,0.1
tween.module.min.js,3,0.1
motion-controllers.module.js,3,0.1
MeshStandardNodeMaterial.js,3,0.1
utilities.js,3,0.1
pal.js,3,0.1
FogNode.js,3,0.1
PropertyNode.js,3,0.1
BitangentNode.js,3,0.1
WebGPURenderPipeline.js,3,0.1
IESSpotLightNode.js,3,0.1
RotateUVNode.js,3,0.1
LightsNode.js,3,0.1
RangeNode.js,3,0.1
DirectionalLightNode.js,3,0.1
WebGPUUniformBuffer.js,3,0.1
ModelNode.js,3,0.1
FunctionCallNode.js,3,0.1
WebGPUObjects.js,3,0.1
ShaderNode.js,3,0.1
arrayColors.js,3,0.1
myscript.js,3,0.1
UniformNode.js,3,0.1
MeshBasicNodeMaterial.js,3,0.1
ExtendedMaterialNode.js,3,0.1
WebGPUBindings.js,3,0.1
CacheNode.js,3,0.1
TriplanarTexturesNode.js,3,0.1
ArcballControls.js,3,0.1
MeshNormalNodeMaterial.js,3,0.1
SpriteNodeMaterial.js,3,0.1
fflate.module.js,3,0.1
ExpressionNode.js,3,0.1
draco_wasm_wrapper.js,3,0.1
NodeFunctionInput.js,3,0.1
AONode.js,3,0.1
ArrayElementNode.js,3,0.1
StackNode.js,3,0.1
BRDF_Lambert.js,3,0.1
ImprovedNoise.js,3,0.1
LightingNode.js,3,0.1
ConvertNode.js,3,0.1
WebGPUSampledTexture.js,3,0.1
PhysicalLightingModel.js,3,0.1
NodeCode.js,3,0.1
getGeometryRoughness.js,3,0.1
LightingModel.js,3,0.1
RemapNode.js,3,0.1
potpack.module.js,3,0.1
WebGPUNodes.js,3,0.1
WebGPUBackground.js,3,0.1
HemisphereLightNode.js,3,0.1
TimerNode.js,3,0.1
NodeVarying.js,3,0.1
Object3DNode.js,3,0.1
draco_decoder.js,3,0.1
WebGPUNodeSampler.js,3,0.1
AttributeNode.js,3,0.1
WebGPUBufferUtils.js,3,0.1
WebGLNodes.js,3,0.1
WebGPUTextureUtils.js,3,0.1
rhino3dm.module.js,3,0.1
CSS2DRenderer.js,3,0.1
lil-gui.module.min.js,3,0.1
PosterizeNode.js,3,0.1
MaterialXNodes.js,3,0.1
rhino3dm.js,3,0.1
mikktspace.module.js,3,0.1
CameraNode.js,3,0.1
NodeFrame.js,3,0.1
F_Schlick.js,3,0.1
NodeParser.js,3,0.1
V_GGX_SmithCorrelated.js,3,0.1
mx_noise.js,3,0.1
PositionNode.js,3,0.1
WebGPUTextures.js,3,0.1
ContextNode.js,3,0.1
WebGPUUniformsGroup.js,3,0.1
CondNode.js,3,0.1
MaxMipLevelNode.js,3,0.1
LineBasicNodeMaterial.js,3,0.1
LightingContextNode.js,3,0.1
WebGPUUtils.js,3,0.1
OscNode.js,3,0.1
InstanceNode.js,3,0.1
ConstNode.js,3,0.1
UserDataNode.js,3,0.1
GLTFLoader.js,3,0.1
functions.js,3,0.1
ac-colors.min.js,3,0.1
BlendModeNode.js,3,0.1
MathNode.js,3,0.1
Node.js,3,0.1
WebGPUProgrammableStage.js,3,0.1
zstddec.module.js,3,0.1
WebGPURenderLists.js,3,0.1
WebGPUComputePipelines.js,3,0.1
WebGPUGeometries.js,3,0.1
WebGPUNodeSampledTexture.js,3,0.1
AmbientLightNode.js,3,0.1
MaterialNode.js,3,0.1
getDistanceAttenuation.js,3,0.1
SpotLightNode.js,3,0.1
project.js,3,0.1
Cells.js,3,0.1
Helpers.js,3,0.1
Tone.js,3,0.1
openprocessing_sketch.js,3,0.1
module.js,3,0.1
FogRangeNode.js,3,0.1
jquery-3.6.0.min.js,3,0.1
babylon.materials.min.js,3,0.1
prefixfree.min.js,3,0.1
usef.js,3,0.1
ecsy.module.js,3,0.1
WebGPUProperties.js,3,0.1
TransformControls.js,3,0.1
NormalNode.js,3,0.1
WebGPUNodeUniform.js,3,0.1
shadowpoly3.js,3,0.1
audioexperiment1.js,3,0.1
shadowpoly2_backup.js,3,0.1
shadowpoly2.js,3,0.1
alien.js,3,0.1
desolated.js,3,0.1
mosaic_backup.js,3,0.1
noiseworms.js,3,0.1
minimoon.js,3,0.1
CCapture.min.js,3,0.1
ort.min.js,3,0.1
vert.js,3,0.1
FileSaver.js,3,0.1
p5-extension.min.js,3,0.1
creative-coding-core.min.js,3,0.1
canvasTexture.js,3,0.1
p5.func.min.js,3,0.1
folha.js,3,0.1
mmdparser.module.js,3,0.1
noiseworms_backup.js,3,0.1
vaginereitor.js,3,0.1
fblimit.js,3,0.1
minigame1.js,3,0.1
flowerfield.js,3,0.1
eyesinthedark_backup.js,3,0.1
prueba.js,3,0.1
shadowpoly.js,3,0.1
rideyourhuman.js,3,0.1
layer.js,3,0.1
birds.js,3,0.1
Stacks.js,3,0.1
tile.js,3,0.1
FogExp2Node.js,3,0.1
render.js,3,0.1
mx_transform_color.js,3,0.1
Materials.js,3,0.1
NodeBuilder.js,3,0.1
NodeCache.js,3,0.1
opentype.module.js,3,0.1
DiscardNode.js,3,0.1
EquirectUVNode.js,3,0.1
MatcapUVNode.js,3,0.1
ModelViewProjectionNode.js,3,0.1
NodeLoader.js,3,0.1
webpd-init.js,3,0.1
creation.js,3,0.1
pdf.js,3,0.1
tar.js,3,0.1
draco_encoder.js,3,0.1
BypassNode.js,3,0.1
FunctionNode.js,3,0.1
StorageBufferNode.js,3,0.1
Projector.js,3,0.1
CCapture.js,3,0.1
createImageBitmap.js,3,0.1
crc32.min.js,3,0.1
sprite.js,3,0.1
miniturtle.js,3,0.1
ab.js,3,0.1
utif.module.js,3,0.1
NodeVar.js,3,0.1
InstanceIndexNode.js,3,0.1
chevrotain.module.min.js,3,0.1
MaterialReferenceNode.js,3,0.1
CopyShader.js,2,0.1
p5sound.js,2,0.1
EffectComposer.js,2,0.1
MushroomCap.js,2,0.1
shapes.js,2,0.1
json.js,2,0.1
VectorShape.js,2,0.1
Transform.js,2,0.1
Gradient.js,2,0.1
svg.js,2,0.1
randoms.js,2,0.1
Pass.js,2,0.1
main.min.js,2,0.1
embed-the-constructions-app.js,2,0.1
fibonacci.js,2,0.1
fragment.js,2,0.1
vertex.js,2,0.1
composicoes.js,2,0.1
ramo.js,2,0.1
p5.patgrad.js,2,0.1
brush.js,2,0.1
elements.js,2,0.1
gsap.min.js,2,0.1
webpd-latest.min.js,2,0.1
screenfull.min.js,2,0.1
Particle.js,2,0.1
ab.colors.palette1.js,2,0.1
post5.js,2,0.1
background.js,2,0.1
ConvexHull.js,2,0.1
Lut.js,2,0.1
WebGPU.js,2,0.1
map2.js,2,0.1
art.js,2,0.1
faces.js,2,0.1
MeshSurfaceSampler.js,2,0.1
kd-tree.js,2,0.1
fn.js,2,0.1
tinyqueue.min.js,2,0.1
rbush-knn.js,2,0.1
rbush.min.js,2,0.1
index.e3c37905.js,2,0.1
tween.umd.js,2,0.1
pattern.js,2,0.1
OBB.js,2,0.1
dot.js,2,0.1
func.js,2,0.1
Tone.min.js,2,0.1
magic.js,2,0.1
figures.js,2,0.1
stats.min.js,2,0.1
Octree.js,2,0.1
Tree.js,2,0.1
ColorConverter.js,2,0.1
shader-park-core.umd.js,2,0.1
p5.grain.js,2,0.1
Capsule.js,2,0.1
SimplexNoise.js,2,0.1
ml5.min.js,2,0.1
customShapes.js,2,0.1
sw.js,2,0.1
sound.js,2,0.1
outer.js,2,0.1
3.js,2,0.1
block.js,2,0.1
RGBELoader.js,2,0.1
RectAreaLightUniformsLib.js,2,0.1
Stats.js,2,0.1
color.js,2,0.1
BlockMatrix.js,2,0.1
vector.js,2,0.1
point.js,2,0.1
Rose.js,2,0.1
fm.js,2,0.1
babylon.gui.min.js,2,0.1
developShader.js,2,0.1
plateShader.js,2,0.1
modelCreator.js,2,0.1
GuassianBlurRenderer.js,2,0.1
Framebuffer.js,2,0.1
Renderer.js,2,0.1
lines.js,2,0.1
monosketch.js,2,0.1
frag.js,2,0.1
mainmc.js,2,0.1
glitchflowers.js,2,0.1
glitchflowers2.js,2,0.1
cande.js,2,0.1
hands.js,2,0.1
scrib.js,2,0.1
p5.bundle.js,2,0.1
scribble.js,2,0.1
hydra.js,2,0.1
example.js,2,0.1
fxmint.js,2,0.1
lodash.min.js,2,0.1
user_controls.js,2,0.1
material_shaders.js,2,0.1
glfx.js,2,0.1
Grid.js,2,0.1
rough.js,2,0.1
blurShader.js,2,0.1
worker.js,2,0.1
pseudorandom.js,2,0.1
sketch_config.js,2,0.1
floor.js,2,0.1
dialogs.js,2,0.1
console.js,2,0.1
fxhash_utils.js,2,0.1
image.js,2,0.1
controls.js,2,0.1
door.js,2,0.1
geometric.js,2,0.1
test.js,2,0.1
character.js,2,0.1
lightruntimeobject.js,2,0.1
spriteruntimeobject.js,2,0.1
runtimeobject.js,2,0.1
psp-fx.js,2,0.1
babylonjs.loaders.js,2,0.1
flow.js,2,0.1
layer-pixi-renderer.js,2,0.1
cameratools.js,2,0.1
code0.js,2,0.1
gd.js,2,0.1
inputtools.js,2,0.1
pixi-effects-manager.js,2,0.1
logger.js,2,0.1
networktools.js,2,0.1
runtimescene-pixi-renderer.js,2,0.1
pixi-image-manager.js,2,0.1
inputmanager.js,2,0.1
runtimebehavior.js,2,0.1
profiler.js,2,0.1
runtimegame.js,2,0.1
fontfaceobserver.js,2,0.1
jsonmanager.js,2,0.1
filter-kawase-blur.js,2,0.1
variable.js,2,0.1
rbush.js,2,0.1
main1.js,2,0.1
ammo.js,2,0.1
sky.js,2,0.1
timemanager.js,2,0.1
runtimegame-pixi-renderer.js,2,0.1
howler.min.js,2,0.1
lightobstacleruntimebehavior.js,2,0.1
pixi.js,2,0.1
pixi-filters-tools.js,2,0.1
pixi-bitmapfont-manager.js,2,0.1
windowtools.js,2,0.1
storagetools.js,2,0.1
scenestack.js,2,0.1
soundtools.js,2,0.1
gd-logo-light.js,2,0.1
force.js,2,0.1
variabletools.js,2,0.1
lightruntimeobject-pixi-renderer.js,2,0.1
trees.js,2,0.1
c2.js,2,0.1
oncetriggers.js,2,0.1
spriteruntimeobject-pixi-renderer.js,2,0.1
data.js,2,0.1
commontools.js,2,0.1
jshashtable.js,2,0.1
EXPLOR_lib.js,2,0.1
engineV3.js,2,0.1
runtimescenetools.js,2,0.1
noise-pixi-filter.js,2,0.1
DrawElement.js,2,0.1
variablescontainer.js,2,0.1
fontfaceobserver-font-manager.js,2,0.1
objecttools.js,2,0.1
runtimescene.js,2,0.1
howler-sound-manager.js,2,0.1
stringtools.js,2,0.1
Flowfield.js,2,0.1
ColorPalletes.js,2,0.1
Credits.js,2,0.1
loadingscreen-pixi-renderer.js,2,0.1
BezierCurve.js,2,0.1
QuadraticCurve.js,2,0.1
Easing.js,2,0.1
custom_funcs.js,2,0.1
FaceClass.js,2,0.1
IsoCubeClass.js,2,0.1
DrawActions.js,2,0.1
Setup.js,2,0.1
73.bundle.js,2,0.1
patterns.js,2,0.1
materialize.js,2,0.1
materialize.min.js,2,0.1
createjs.js,2,0.1
zim_min.js,2,0.1
rule.js,2,0.1
almond.js,2,0.1
traceryCore.js,2,0.1
symbol.js,2,0.1
tracery.min.js,2,0.1
Main.js,2,0.1
Utility_geometria.js,2,0.1
ruleset.js,2,0.1
modifiers.js,2,0.1
grammar.js,2,0.1
grammars.js,2,0.1
inheritance.js,2,0.1
tracery.js,2,0.1
jquery-1.11.2.min.js,2,0.1
index7.js,2,0.1
ShaderPass.js,2,0.1
dlnsafe.js,2,0.1
webgl-utils.js,2,0.1
easycam.js,1,0.0
looseLines.js,1,0.0
fxhash-snippet.js,1,0.0
CameraControl.js,1,0.0
glMatrix-0.9.5.min.js,1,0.0
augmentedCompileShader.js,1,0.0
ShaderLoader.js,1,0.0
walker.js,1,0.0
hl-gen.js,1,0.0
Bit_Bio_Box.js,1,0.0
sequencer.js,1,0.0
menus.js,1,0.0
webmidi.iife.min.js,1,0.0
BIOMECHANIKA.loader.js,1,0.0
BIOMECHANIKA.framework.js,1,0.0
pattern_renderer.js,1,0.0
fxhash_random_generator.js,1,0.0
city.js,1,0.0
genart.js,1,0.0
ambient.js,1,0.0
Pack.js,1,0.0
Boid.js,1,0.0
kes.js,1,0.0
funcoes.js,1,0.0
entropy.js,1,0.0
static_js_main.ebf19abc.chunk.js,1,0.0
ticketC.js,1,0.0
ticketA.js,1,0.0
ticketB.js,1,0.0
heart.js,1,0.0
loadSceneFromSceneData-ZY7RXVSX.js,1,0.0
chunk-2KJGW4IQ.js,1,0.0
Abstractnoisycanvas.js,1,0.0
myfxhash02.js,1,0.0
p5_styling.js,1,0.0
Sketch.js,1,0.0
build-min.js,1,0.0
particles.js,1,0.0
arvore.js,1,0.0
drytwigs.js,1,0.0
daydream copy.js,1,0.0
my-colors18-22b.js,1,0.0
cosmoFibrils.js,1,0.0
colorSpace.js,1,0.0
stars.js,1,0.0
tracer.js,1,0.0
cosette.js,1,0.0
plotted.js,1,0.0
p5.1.3.0.min.js,1,0.0
explosions.js,1,0.0
crashers.js,1,0.0
nebulae.js,1,0.0
fibrils.js,1,0.0
colorbugs.js,1,0.0
sketch_gorilla_style.js,1,0.0
p5library.js,1,0.0
static_js_2.789b8349.chunk.js,1,0.0
625.bundle.js,1,0.0
debuggers.min.js,1,0.0
toxiclibs.js,1,0.0
bundle.4de695062097a81c362e.js,1,0.0
textures.js,1,0.0
loadSceneAsync.js,1,0.0
loadSceneAndMountAsync.js,1,0.0
chunk-LSHL6T4P.js,1,0.0
ezFXtemplate.js,1,0.0
index-98146b96.js,1,0.0
part.js,1,0.0
2701inyan.js,1,0.0
crashers.min.js,1,0.0
pxhelpers.js,1,0.0
my-colors18-15.js,1,0.0
my-colors18-18.js,1,0.0
globals.js,1,0.0
simplexnoise.js,1,0.0
Ground.js,1,0.0
Egg.js,1,0.0
EasterEgg.js,1,0.0
Eyebrows.js,1,0.0
Arms.js,1,0.0
b_sketch340.js,1,0.0
my-colors18-27.js,1,0.0
my-colors18-5.js,1,0.0
my-colors18-11b.js,1,0.0
my-colors18-6.js,1,0.0
my-colors18-29b.js,1,0.0
my-colors18-25.js,1,0.0
my-colors18-17.js,1,0.0
my-colors18-31.js,1,0.0
shadow.cljs.devtools.client.shared.js,1,0.0
expound.util.js,1,0.0
goog.dom.browserfeature.js,1,0.0
wheel.js,1,0.0
emblem.js,1,0.0
main.1a7b38d2.js,1,0.0
mixbox.js,1,0.0
index.7a188911.js,1,0.0
drawshapes.js,1,0.0
src.579f790d.js,1,0.0
art-concat.js,1,0.0
p5-v1.4.0.min.js,1,0.0
vue.js,1,0.0
simplexNoise.js,1,0.0
Lyric.js,1,0.0
Word.js,1,0.0
Beak.js,1,0.0
Hair.js,1,0.0
index.b4426874.js,1,0.0
Rope.js,1,0.0
Segment.js,1,0.0
PyramidClass.js,1,0.0
GrowerClass.js,1,0.0
Decorator.js,1,0.0
Styles.js,1,0.0
shadow.cljs.devtools.client.browser.js,1,0.0
goog.i18n.bidi.js,1,0.0
goog.string.string.js,1,0.0
cognitect.transit.js,1,0.0
sprog.dev.physarum_demo.js,1,0.0
expound.ansi.js,1,0.0
sprog.iglu.glsl.js,1,0.0
molho.js,1,0.0
filter.js,1,0.0
1301.js,1,0.0
Legs.js,1,0.0
Teeth.js,1,0.0
Ears.js,1,0.0
bg.js,1,0.0
Eyes.js,1,0.0
grass.js,1,0.0
Sound.js,1,0.0
out.loader.js,1,0.0
out.framework.js,1,0.0
tf.min.js,1,0.0
main.05fcf446daa8c47f38a9.js,1,0.0
ap.js,1,0.0
Nest.js,1,0.0
korpus.js,1,0.0
number.js,1,0.0
spoiler.js,1,0.0
affinetransformation.js,1,0.0
goog.string.stringformat.js,1,0.0
goog.string.const.js,1,0.0
rn_colors.js,1,0.0
p5_3D.js,1,0.0
test2.js,1,0.0
desert.js,1,0.0
flowerA.js,1,0.0
flowerC.js,1,0.0
typeB.js,1,0.0
PolygonPoints.js,1,0.0
generate.js,1,0.0
2004attractor.js,1,0.0
cljs.repl.js,1,0.0
goog.math.integer.js,1,0.0
clojure.set.js,1,0.0
sprog.dev.tilable_simplex_demo.js,1,0.0
bg_shapes.js,1,0.0
font.js,1,0.0
dom-to-image.js,1,0.0
param.js,1,0.0
dictionary.js,1,0.0
babylonjs.materials.js,1,0.0
filament.js,1,0.0
index-celestialisles.min.js,1,0.0
shader-park-core.umd.min.js,1,0.0
AsyncTasksManager.js,1,0.0
color_schemes.js,1,0.0
sketch-errare-final.js,1,0.0
draggableruntimebehavior.js,1,0.0
backA.js,1,0.0
flowerD.js,1,0.0
flower.js,1,0.0
typeA.js,1,0.0
flowerB.js,1,0.0
coral_scene.js,1,0.0
babylon.glTFFileLoader.js,1,0.0
positioner.js,1,0.0
babylon.gui.js,1,0.0
ocean.js,1,0.0
sun.js,1,0.0
circac.js,1,0.0
flowern.js,1,0.0
drop-shadow-pixi-filter.js,1,0.0
rn_grid.js,1,0.0
goog.math.rect.js,1,0.0
goog.dom.dom.js,1,0.0
cljs.pprint.js,1,0.0
goog.debug.errorcontext.js,1,0.0
sprog.dev.bloom_demo.js,1,0.0
cljs.core.async.impl.dispatch.js,1,0.0
cljs.tools.reader.impl.errors.js,1,0.0
goog.array.array.js,1,0.0
filter-drop-shadow.js,1,0.0
physics2runtimebehavior.js,1,0.0
spriteManager.js,1,0.0
placementSettings.js,1,0.0
NeonPlant.js,1,0.0
floresdelmal.js,1,0.0
shadow.animate.js,1,0.0
clojure.walk.js,1,0.0
Tornado.js,1,0.0
LightRail.js,1,0.0
metro_221018_phase02.js,1,0.0
Firework.js,1,0.0
House_orient.js,1,0.0
uph_ImageLoadBar.js,1,0.0
wph_screen_save_dialog.js,1,0.0
goog.dom.forms.js,1,0.0
shadow.remote.runtime.eval_support.js,1,0.0
clojure.datafy.js,1,0.0
sprog.iglu.macros.js,1,0.0
goog.html.safestylesheet.js,1,0.0
com.cognitect.transit.util.js,1,0.0
goog.disposable.disposable.js,1,0.0
goog.dom.vendor.js,1,0.0
cljs.tools.reader.impl.utils.js,1,0.0
Box2D_v2.3.1_min.wasm.js,1,0.0
thing.js,1,0.0
GIFEncoder.js,1,0.0
h264-mp4-encoder.web.js,1,0.0
flyingsquare.js,1,0.0
--psp-fx.js,1,0.0
p52.js,1,0.0
main.7f10a2dc.js,1,0.0
script1.js,1,0.0
adapted.lines.js,1,0.0
adapted.library.js,1,0.0
adapted.shapes.js,1,0.0
Block.js,1,0.0
Paifang.js,1,0.0
Sea.js,1,0.0
Rain.js,1,0.0
Tex.js,1,0.0
main.649d7ba6.js,1,0.0
goog.html.safestyle.js,1,0.0
cljs.core.async.impl.protocols.js,1,0.0
expound.paths.js,1,0.0
goog.iter.es6.js,1,0.0
com.cognitect.transit.js,1,0.0
pfield.shaders.js,1,0.0
cljs.core.js,1,0.0
shadow.cljs.devtools.client.hud.js,1,0.0
goog.debug.error.js,1,0.0
sprog.dev.basic_demo.js,1,0.0
cljs.tools.reader.reader_types.js,1,0.0
sprog.iglu.parse.js,1,0.0
goog.labs.useragent.browser.js,1,0.0
GRADIENT.js,1,0.0
garota.js,1,0.0
index.3e6d3836.js,1,0.0
appbild.js,1,0.0
shadercanvas.js,1,0.0
rhill-voronoi-core.min.js,1,0.0
flock.js,1,0.0
harmonograph.js,1,0.0
boid.js,1,0.0
fxut2.js,1,0.0
fxaish.js,1,0.0
1802stripcircle.js,1,0.0
stuff.js,1,0.0
LZWEncoder.js,1,0.0
NeuQuant.js,1,0.0
TypedNeuQuant.js,1,0.0
transistor.js,1,0.0
ColorPallete.js,1,0.0
Waves.js,1,0.0
mass.js,1,0.0
element.js,1,0.0
hash.js,1,0.0
Whammy.js,1,0.0
manmachine.min.js,1,0.0
_sketch.js,1,0.0
rand.js,1,0.0
cubejs.js,1,0.0
Mas.js,1,0.0
hope2.js,1,0.0
UnityLoader.js,1,0.0
gemNerator.js,1,0.0
gedankenverschluss.js,1,0.0
gedankengeflecht.js,1,0.0
scene.js,1,0.0
pallete.js,1,0.0
index.c4ff0518.js,1,0.0
goog.debug.debug.js,1,0.0
cljs.core.async.js,1,0.0
com.cognitect.transit.impl.reader.js,1,0.0
clojure.string.js,1,0.0
fabric2.js,1,0.0
indx.js,1,0.0
static_js_2.ed685c56.chunk.js,1,0.0
static_js_main.beb5af98.chunk.js,1,0.0
camera-controls.min.js,1,0.0
collide2d.js,1,0.0
Settings.js,1,0.0
DrawWave.js,1,0.0
Roots.js,1,0.0
drawing_helpers.js,1,0.0
colorTheme.js,1,0.0
draw_sqare.js,1,0.0
randFunc.js,1,0.0
hsluv-0.1.0.min.js,1,0.0
circle.js,1,0.0
index-min.js,1,0.0
button.js,1,0.0
dateAndTime.js,1,0.0
babylon.glTF2FileLoader.js,1,0.0
babylon.glTF1FileLoader.js,1,0.0
configuration.js,1,0.0
coral.js,1,0.0
post.js,1,0.0
cljs.spec.alpha.js,1,0.0
objkt.js,1,0.0
Construct.js,1,0.0
Toggle.js,1,0.0
PaintDigi.js,1,0.0
camera-controls.js,1,0.0
index_old.js,1,0.0
fx_iii.845b8786.js,1,0.0
app.min.js,1,0.0
Hatches.js,1,0.0
DirtLines.js,1,0.0
Brush.js,1,0.0
RothkoRect.js,1,0.0
Corroded.js,1,0.0
DirtCircles.js,1,0.0
lakevariations.js,1,0.0
wood.js,1,0.0
sqare.js,1,0.0
cljs.core.async.impl.timers.js,1,0.0
cljs.tools.reader.impl.commons.js,1,0.0
sprog.iglu.chunks.misc.js,1,0.0
com.cognitect.transit.caching.js,1,0.0
design.js,1,0.0
ladybird.js,1,0.0
wood3.js,1,0.0
flowers.js,1,0.0
daisy.js,1,0.0
fabric1.js,1,0.0
fabric3.js,1,0.0
monolisbon1.js,1,0.0
sand.js,1,0.0
ball.js,1,0.0
mouse.js,1,0.0
Isometric.js,1,0.0
goog.dom.tagname.js,1,0.0
norden.p5.js,1,0.0
libs.js,1,0.0
bundle.cec4ae51499dbb350c3c.js,1,0.0
PaintCoal.js,1,0.0
PaintGauClosed.js,1,0.0
attractor.js,1,0.0
PaintGau.js,1,0.0
class_tausta.js,1,0.0
class_bendarr.js,1,0.0
class_colors.js,1,0.0
class_piirto.js,1,0.0
class_liitu.js,1,0.0
luminescent.js,1,0.0
shoss.js,1,0.0
goog.async.nexttick.js,1,0.0
index.76362c66.js,1,0.0
Simbolismo.js,1,0.0
class_grid.js,1,0.0
tausta_arr.js,1,0.0
BufferPainter.js,1,0.0
Packer.js,1,0.0
goog.math.irect.js,1,0.0
cljs.core.async.impl.buffers.js,1,0.0
goog.events.eventid.js,1,0.0
sprog.dev.webcam_demo.js,1,0.0
shadow.cljs.devtools.client.console.js,1,0.0
goog.dom.safe.js,1,0.0
sprog.dev.texture_3d_demo.js,1,0.0
goog.disposable.dispose.js,1,0.0
goog.structs.structs.js,1,0.0
clojure.data.js,1,0.0
noisy_forest.js,1,0.0
nocturneII.js,1,0.0
dom-to-image.min.js,1,0.0
motivation.js,1,0.0
responsive.js,1,0.0
faces copy.js,1,0.0
arms.js,1,0.0
pamilo.js,1,0.0
mountainClass.js,1,0.0
p5.1.4.2.min.js,1,0.0
p5.1.4.1.min.js,1,0.0
MindscapeN1.js,1,0.0
midfile-crisis.min.js,1,0.0
microcosmos.js,1,0.0
atomo.js,1,0.0
1601.js,1,0.0
Configuration.js,1,0.0
CapsuleObstacle.js,1,0.0
Utils.js,1,0.0
CollisionDetection.js,1,0.0
RandomFunctions.js,1,0.0
MarbleRenderer.js,1,0.0
CircleObstacle.js,1,0.0
LinearDepthPass.js,1,0.0
ExtendedShaderMaterial.js,1,0.0
NormalPass.js,1,0.0
AnimationController.js,1,0.0
outofcontrol.js,1,0.0
rc.js,1,0.0
organicon.js,1,0.0
otd005.js,1,0.0
OmbreEtLumiere.js,1,0.0
luyzsombram.js,1,0.0
arms2.js,1,0.0
vaginereitor copy.js,1,0.0
circlepacking1.js,1,0.0
cirline.js,1,0.0
shipis.js,1,0.0
fedec.js,1,0.0
app.00a7ad60.js,1,0.0
LuKaKoo.js,1,0.0
1406simplepersp.js,1,0.0
fedec2.js,1,0.0
pamilo2.js,1,0.0
oldtv.js,1,0.0
walls.js,1,0.0
karp.js,1,0.0
RandomSequence.js,1,0.0
Stall.js,1,0.0
info.js,1,0.0
WaterDrop.js,1,0.0
UdgStation.js,1,0.0
Card.js,1,0.0
RoadVer.js,1,0.0
House_CastleTower.js,1,0.0
House_Firewatch.js,1,0.0
BlockMiniVer.js,1,0.0
SobelOutlinePass.js,1,0.0
ShaderReplacement.js,1,0.0
mysketch.js,1,0.0
boundary.js,1,0.0
phyBox.js,1,0.0
design1.js,1,0.0
blackforest.js,1,0.0
perspective9.js,1,0.0
col_sketch.js,1,0.0
227.bundle.js,1,0.0
frag_functions_default.js,1,0.0
akarishouji.js,1,0.0
paper_noise.js,1,0.0
RendererState.js,1,0.0
SobelOutlineShader.js,1,0.0
WrappedShaderMaterial.js,1,0.0
sprog.dev.pixel_sort_demo.js,1,0.0
FOG.js,1,0.0
Mountain.js,1,0.0
Gazebo.js,1,0.0
UdgPoster.js,1,0.0
Sunbeam.js,1,0.0
PopupTent.js,1,0.0
pgposter.js,1,0.0
matter.min.js,1,0.0
function.js,1,0.0
polygons.js,1,0.0
sketch-dotgradient.js,1,0.0
sketch-pills.js,1,0.0
sketch-flowfield.js,1,0.0
vanilla-tilt.min.js,1,0.0
powerplace.min.js,1,0.0
pixelstatuez.js,1,0.0
clock.js,1,0.0
rdr_ohm.js,1,0.0
rbi.js,1,0.0
p5.voronoi.min.js,1,0.0
rhill-voronoi-core.js,1,0.0
CellSystem.js,1,0.0
pjposter.js,1,0.0
p5.voronoi.js,1,0.0
grained.min.js,1,0.0
css-d.js,1,0.0
RandomCurves.js,1,0.0
Curve.js,1,0.0
Border.js,1,0.0
Arrangements.js,1,0.0
puzzle.js,1,0.0
rectObj.js,1,0.0
Oil.js,1,0.0
peposter.js,1,0.0
pfposter.js,1,0.0
babrick.js,1,0.0
words.js,1,0.0
phposter.js,1,0.0
seedrandom.min.js,1,0.0
drawFuncs.min.js,1,0.0
paposter.js,1,0.0
pcposter.js,1,0.0
rips.js,1,0.0
sticker.js,1,0.0
hexagons.js,1,0.0
symmetry.js,1,0.0
grasser_fx6.js,1,0.0
index-remnants.min.js,1,0.0
1701.js,1,0.0
babylon.inspector.bundle.js,1,0.0
section.js,1,0.0
p5.svg.min.js,1,0.0
pmposter.js,1,0.0
pbposter.js,1,0.0
var1.js,1,0.0
babylonjs.materials.min.js,1,0.0
pwposter.js,1,0.0
brickover.js,1,0.0
pdposter.js,1,0.0
pqposter.js,1,0.0
pkposter.js,1,0.0
choosefont.js,1,0.0
preload.js,1,0.0
pnposter.js,1,0.0
plposter.js,1,0.0
piposter.js,1,0.0
Hills.js,1,0.0
Skysphere.js,1,0.0
Plant2.js,1,0.0
drawLayer.js,1,0.0
Hills2.js,1,0.0
Clouds.js,1,0.0
Texture1.js,1,0.0
night-pixi-filter.js,1,0.0
filter-crt.js,1,0.0
code5.js,1,0.0
code8.js,1,0.0
code10.js,1,0.0
filter-glitch.js,1,0.0
handleResize.js,1,0.0
drawAll_02.js,1,0.0
utilities01.js,1,0.0
basicShapeFuncs.js,1,0.0
babylonjs.postProcess.min.js,1,0.0
babylonjs.serializers.min.js,1,0.0
codigo.js,1,0.0
code9.js,1,0.0
filter-twist.js,1,0.0
qrcode.min.js,1,0.0
gdjs-evtsext__mousehelper__cursor.js,1,0.0
filter-advanced-bloom.js,1,0.0
code3.js,1,0.0
advanced-bloom-pixi-filter.js,1,0.0
code6.js,1,0.0
sepia-pixi-filter.js,1,0.0
scriptkkt.js,1,0.0
Plant3.js,1,0.0
TreeBranch.js,1,0.0
BGnoise.js,1,0.0
CreateLandscape.js,1,0.0
Plant.js,1,0.0
Weather.js,1,0.0
winFrame.js,1,0.0
House_Dotted.js,1,0.0
House.js,1,0.0
House_UnderGround.js,1,0.0
addScreenPositionFunction.js,1,0.0
tween.esm.js,1,0.0
require.js,1,0.0
setDisorder.js,1,0.0
02seq.js,1,0.0
objects.js,1,0.0
updates.js,1,0.0
light-night-pixi-filter.js,1,0.0
rgb-split-pixi-filter.js,1,0.0
filter-rgb-split.js,1,0.0
twist-pixi-filter.js,1,0.0
code4.js,1,0.0
glitch-pixi-filter.js,1,0.0
pixi-particles-pixi-renderer.min.js,1,0.0
crt-pixi-filter.js,1,0.0
particleemitterobject.js,1,0.0
particleemitterobject-pixi-renderer.js,1,0.0
destroyoutsideruntimebehavior.js,1,0.0
filter-old-film.js,1,0.0
Bill.js,1,0.0
House_Constr.js,1,0.0
goog.html.safescript.js,1,0.0
goog.labs.useragent.util.js,1,0.0
sprog.webgl.attributes.js,1,0.0
goog.labs.useragent.platform.js,1,0.0
graph.js,1,0.0
Bridge.js,1,0.0
RoadHor.js,1,0.0
space.js,1,0.0
scripts.js,1,0.0
runtime-main.6e4646c4.js,1,0.0
main.32032b75.chunk.js,1,0.0
2.61627bfa.chunk.js,1,0.0
embed.js,1,0.0
rushgushblush.js,1,0.0
ascii-pixi-filter.js,1,0.0
old-film-pixi-filter.js,1,0.0
filter-ascii.js,1,0.0
Fish.js,1,0.0
music.js,1,0.0
paper-full.min.js,1,0.0
code2.js,1,0.0
code7.js,1,0.0
code1.js,1,0.0
material_shaders_instanced.js,1,0.0
interact.js,1,0.0
p5.glitch.js,1,0.0
SpaceShipItem.js,1,0.0
shift.js,1,0.0
xph_ImageLoadBar.js,1,0.0
wph_fixwindow.js,1,0.0
vph_fullscreen.js,1,0.0
Fxhash_sssCard.js,1,0.0
palettes copy.js,1,0.0
index.4ed2f3ab.js,1,0.0
OSN.js,1,0.0
static_js_main.8f30f2f0.chunk.js,1,0.0
static_js_2.c3096806.chunk.js,1,0.0
Harmonics2p5js.js,1,0.0
p5.3D.js,1,0.0
brick2.js,1,0.0
rul1.js,1,0.0
leaf.js,1,0.0
brick0.js,1,0.0
attr.js,1,0.0
seaweed.js,1,0.0
Random.js,1,0.0
signpoints.js,1,0.0
t1lt.js,1,0.0
swimmer.js,1,0.0
main.dce65f0b.js,1,0.0
sudoku.js,1,0.0
main.webgl.js,1,0.0
sudokus.js,1,0.0
stones_sticks.js,1,0.0
twgl.js,1,0.0
inverted.js,1,0.0
TheInsight.js,1,0.0
01000010.js,1,0.0
Thalassophobia.js,1,0.0
offlineclient.js,1,0.0
STARDUST.js,1,0.0
script_abs.js,1,0.0
uph_screen_save_dialog.js,1,0.0
yph_fxhash_extension.js,1,0.0
jobworker.js,1,0.0
supportcheck.js,1,0.0
scriptsInEvents.js,1,0.0
brick4.js,1,0.0
rul3.js,1,0.0
brick3.js,1,0.0
rul2.js,1,0.0
createArt.js,1,0.0
sketh.js,1,0.0
goog.iter.iter.js,1,0.0
clojure.core.protocols.js,1,0.0
cljs.user.js,1,0.0
shadow.dom.js,1,0.0
brick1.js,1,0.0
p5.shape.js,1,0.0
remi.js,1,0.0
el.js,1,0.0
shadeTexture.js,1,0.0
shade.js,1,0.0
3d.js,1,0.0
shaderStuff.js,1,0.0
raygun.js,1,0.0
previewRenderVersion.js,1,0.0
sprog.dev.simplex_demo.js,1,0.0
goog.useragent.useragent.js,1,0.0
goog.string.internal.js,1,0.0
TheSeed1.js,1,0.0
bundle.16fc1b6c6fed5b056129.js,1,0.0
index3.js,1,0.0
textoptions.js,1,0.0
c3runtime.js,1,0.0
register-sw.js,1,0.0
dispatchworker.js,1,0.0
arv.js,1,0.0
fama.js,1,0.0
fama2.js,1,0.0
treeoddity.js,1,0.0
0303intersection.js,1,0.0
k43.js,1,0.0
clipper.js,1,0.0
lunar.js,1,0.0
index.f17964b0.js,1,0.0
LiquidFeelings.js,1,0.0
tph_GMfxHash.js,1,0.0
1602gradiver2.js,1,0.0
functions.min.js,1,0.0
goog.window.window.js,1,0.0
goog.disposable.disposeall.js,1,0.0
goog.dom.asserts.js,1,0.0
cljs.spec.gen.alpha.js,1,0.0
goog.html.safeurl.js,1,0.0
com.cognitect.transit.eq.js,1,0.0
sprog.iglu.chunks.particles.js,1,0.0
shadow.cljs.devtools.client.websocket.js,1,0.0
shadow.object.js,1,0.0
squareflow.js,1,0.0
sciiflow.2.js,1,0.0
zenFlowerCards.js,1,0.0
bugs3Dp5js2.js,1,0.0
genarttest.js,1,0.0
p5.imageFX.js,1,0.0
hydra-blending-modes.js,1,0.0
cocktail.js,1,0.0
two.min.js,1,0.0
wave.min.js,1,0.0
tinycolor0.umd.min.js,1,0.0
voyagers.min.js,1,0.0
virtual_treasure.js,1,0.0
0203vibrations.js,1,0.0
preparation.js,1,0.0
index.7bc8598b.js,1,0.0
packer.js,1,0.0
seriously.tvglitch.js,1,0.0
APP.min.js,1,0.0
gachagoblinz.js,1,0.0
sketch09.js,1,0.0
sketch08.js,1,0.0
sketch07.js,1,0.0
BetterOrbitControls.js,1,0.0
CityScape.js,1,0.0
threex.domevents.js,1,0.0
ztext.min.js,1,0.0
circletype.min.js,1,0.0
PINK_LEMONADE_09.js,1,0.0
PINK_LEMONADE_05.js,1,0.0
PINK_LEMONADE_04.js,1,0.0
paper.js,1,0.0
goog.math.long.js,1,0.0
sprog.iglu.core.js,1,0.0
goog.collections.iters.js,1,0.0
shadow.remote.runtime.cljs.js_builtins.js,1,0.0
com.cognitect.transit.delimiters.js,1,0.0
goog.structs.map.js,1,0.0
cljs.core.async.impl.channels.js,1,0.0
sprog.dev.vertex_demo.js,1,0.0
sprog.dev.fn_sort_demo.js,1,0.0
delaunay.js,1,0.0
datadada.js,1,0.0
data-dadatada.js,1,0.0
main.8a3b4dff.js,1,0.0
galeriafede.js,1,0.0
seriously.noise.js,1,0.0
seriously.js,1,0.0
tester 6.js,1,0.0
flatback.js,1,0.0
flats.js,1,0.0
trazos.js,1,0.0
sketch06.js,1,0.0
goog.math.math.js,1,0.0
goog.style.transition.js,1,0.0
cljs.tools.reader.js,1,0.0
goog.dom.htmlelement.js,1,0.0
sakura.js,1,0.0
grids.js,1,0.0
palette_hsba.js,1,0.0
Boundaries_FX.js,1,0.0
sprog.iglu.chunks.postprocessing.js,1,0.0
sprog.dev.macro_demo.js,1,0.0
pfield.fxhash_utils.js,1,0.0
sprog.util.js,1,0.0
sprog.iglu.chunks.noise.js,1,0.0
goog.math.size.js,1,0.0
goog.dom.tags.js,1,0.0
goog.base.js,1,0.0
sprog.webgl.shaders.js,1,0.0
goog.disposable.idisposable.js,1,0.0
goog.debug.entrypointregistry.js,1,0.0
goog.collections.maps.js,1,0.0
goog.string.stringbuffer.js,1,0.0
goog.labs.useragent.engine.js,1,0.0
shadow.json.js,1,0.0
goog.style.style.js,1,0.0
cider.nrepl.inlined_deps.suitable.v0v4v1.suitable.js_introspection.js,1,0.0
goog.fs.url.js,1,0.0
sprog.dev.gaussian_demo.js,1,0.0
sprog.dev.multi_texture_output_demo.js,1,0.0
pfield.core.js,1,0.0
goog.reflect.reflect.js,1,0.0
sprog.dev.bilinear_demo.js,1,0.0
expound.printer.js,1,0.0
goog.math.coordinate.js,1,0.0
com.cognitect.transit.handlers.js,1,0.0
sprog.dev.voronoise_demo.js,1,0.0
sprog.dev.texture_channel_demo.js,1,0.0
shadow.remote.runtime.tap_support.js,1,0.0
goog.fs.blob.js,1,0.0
expound.problems.js,1,0.0
shadow.remote.runtime.writer.js,1,0.0
goog.dom.inputtype.js,1,0.0
goog.uri.uri.js,1,0.0
goog.uri.utils.js,1,0.0
shape_corvo.js,1,0.0
tubarao.js,1,0.0
polvo.js,1,0.0
woman.js,1,0.0
River.js,1,0.0
PTTower.js,1,0.0
io.js,1,0.0
model.js,1,0.0
shadow.remote.runtime.api.js,1,0.0
goog.asserts.asserts.js,1,0.0
shell.js,1,0.0
index-cities.min.js,1,0.0
sprog.webgl.core.js,1,0.0
goog.string.typedstring.js,1,0.0
goog.html.trustedtypes.js,1,0.0
goog.useragent.product.js,1,0.0
goog.html.safehtml.js,1,0.0
goog.events.event.js,1,0.0
sprog.dom.canvas.js,1,0.0
com.cognitect.transit.impl.writer.js,1,0.0
goog.dom.nodetype.js,1,0.0
shadow.remote.runtime.shared.js,1,0.0
shadow.cljs.devtools.client.env.js,1,0.0
sprog.iglu.chunks.colors.js,1,0.0
goog.html.trustedresourceurl.js,1,0.0
House_Cat.js,1,0.0
FS.js,1,0.0
Skerry.js,1,0.0
House_Block.js,1,0.0
Train.js,1,0.0
main_corvo.js,1,0.0
shapes_polvo.js,1,0.0
palettes.min.js,1,0.0
Emojis.js,1,0.0
mySketch.js.js,1,0.0
goog.dom.classlist.js,1,0.0
sprog.dev.startup.js,1,0.0
shadow.module.base.append.js,1,0.0
goog.object.object.js,1,0.0
goog.math.box.js,1,0.0
expound.alpha.js,1,0.0
sprog.input.mouse.js,1,0.0
cljs.core.async.impl.ioc_helpers.js,1,0.0
sprog.dev.video_demo.js,1,0.0
goog.html.uncheckedconversions.js,1,0.0
Automata.js,1,0.0
Anima.js,1,0.0
com.cognitect.transit.types.js,1,0.0
tornado.js,1,0.0
index.9f5dfe25.js,1,0.0
solbckg.js,1,0.0
sol.js,1,0.0
rgb.js,1,0.0
clockObj.js,1,0.0
namesObj.js,1,0.0
page.js,1,0.0
sprog.webgl.uniforms.js,1,0.0
goog.functions.functions.js,1,0.0
sprog.dev.struct_demo.js,1,0.0
shadow.util.js,1,0.0
shadow.remote.runtime.obj_support.js,1,0.0
bundle.730b782b63befb094035.js,1,0.0
colorpalettes.js,1,0.0
shaders_new.js,1,0.0
enter.js,1,0.0
x.js,1,0.0
worldsapart.js,1,0.0
modern-fives.js,1,0.0
html2canvas.js,1,0.0
strips.js,1,0.0
audioManager.js,1,0.0
objectManager.js,1,0.0
accalance2.js,1,0.0
saveRoutines.js,1,0.0
intersection.js,1,0.0
spawner.js,1,0.0
Drawer.js,1,0.0
myPattern.js,1,0.0
abstractChop.js,1,0.0
css-doodle.min.js,1,0.0
sketch_backup.js,1,0.0
ConvexGeometry.js,1,0.0
three_v69.js,1,0.0
soundutils.js,1,0.0
tommy1.js,1,0.0
growth-pattern.js,1,0.0
bezier.js,1,0.0
Trattati_05a.js,1,0.0
p5.screenPosition.js,1,0.0
padang.min.js,1,0.0
vph_screen_save_dialog.js,1,0.0
1Balance.js,1,0.0
skycolors.js,1,0.0
chromotome.js,1,0.0
index.d5630d7f.js,1,0.0
bLGjLm.js,1,0.0
jquery.js,1,0.0
SnowGlobez.js,1,0.0
mondrian_02.js,1,0.0
funcs.js,1,0.0
c.min.js,1,0.0
sketch_rnn_fxrand.js,1,0.0
whale.vae.js,1,0.0
mina.js,1,0.0
QuantumShift.js,1,0.0
BlockExplorer.framework.js,1,0.0
BlockExplorer.loader.js,1,0.0
main.5032e743.js,1,0.0
607.bundle.js,1,0.0
483.bundle.js,1,0.0
girafa.js,1,0.0
porn.js,1,0.0
Point.js,1,0.0
post5.min.js,1,0.0
System.js,1,0.0
background.min.js,1,0.0
squares.js,1,0.0
sumos.js,1,0.0
001-fx.js,1,0.0
HorizontalPoint.js,1,0.0
VerticalPoint.js,1,0.0
Lakeside.obf.js,1,0.0
octomaton.js,1,0.0
p1.js,1,0.0
waves.js,1,0.0
stoned.js,1,0.0
numjs.js,1,0.0
groovy.js,1,0.0
magentasketch.js,1,0.0
Betr_thinking01.js,1,0.0
Spring.js,1,0.0
toxiclibsjs_0.1.3.js,1,0.0
Repulsor.js,1,0.0
p5.js_1.4.0.js,1,0.0
fast-simplex-noise.js,1,0.0
particle-things.js,1,0.0
1d-noise-fxhash.js,1,0.0
fxtrash.js,1,0.0
furbol.js,1,0.0
openSimplexNoise.js,1,0.0
barca.js,1,0.0
marino2.js,1,0.0
malevich_01.js,1,0.0
Line.js,1,0.0
emoji-hue.js,1,0.0
distortion.js,1,0.0
index.cf603b58.js,1,0.0
index.dc803961.js,1,0.0
dragonrave.min.js,1,0.0
three.module.min.js,1,0.0
shader.js,1,0.0
main.dbc28b5c.js,1,0.0
entities.js,1,0.0
ddf-square.js,1,0.0
babylon.loaders.js,1,0.0
randomize.js,1,0.0
_backup.js,1,0.0
_backup2.js,1,0.0
tinycolor.js,1,0.0
stackblur.min.js,1,0.0
A11yHelper.js,1,0.0
testObj.js,1,0.0
hypercube.js,1,0.0
matrix.js,1,0.0
prand.js,1,0.0
main_galo.js,1,0.0
shape_donut.js,1,0.0
dithered-circles.js,1,0.0
pulsating-circles.js,1,0.0
1d-noise.js,1,0.0
particle-movement.js,1,0.0
commands.js,1,0.0
chunk-vendors.js,1,0.0
stack.js,1,0.0
FieldEquations.js,1,0.0
truchetsphere_min.js,1,0.0
code.js,1,0.0
sliderGui.js,1,0.0
candlesketch.js,1,0.0
cities.js,1,0.0
church.js,1,0.0
css-doodle.js,1,0.0
origami.js,1,0.0
bundle.1bbb57a8e4d6061b89f8.js,1,0.0
cryptoblobber2.js,1,0.0
sketch-beans.js,1,0.0
barcode.js,1,0.0
ballet.js,1,0.0
bad_ripple.js,1,0.0
bad_plastic.js,1,0.0
atypicalLands.min.js,1,0.0
StartAudioContext.js,1,0.0
myLib.js,1,0.0
infinite.js,1,0.0
10print.js,1,0.0
treadling.js,1,0.0
threading.js,1,0.0
kenzoff.js,1,0.0
one.js,1,0.0
main.abddc718.js,1,0.0
main.bundle.js,1,0.0
3rd-party-licenses.js,1,0.0
echoes.js,1,0.0
dream.mySketch.js,1,0.0
palettes_mega.min.js,1,0.0
poline.min.js,1,0.0
giant-pepes.js,1,0.0
stackblur.js,1,0.0
lottie_light.min.js,1,0.0
road.js,1,0.0
back.js,1,0.0
hexscape.js,1,0.0
Superellipse.js,1,0.0
script_two.js,1,0.0
noise_func.js,1,0.0
drawLib.js,1,0.0
DNA.js,1,0.0
Population.js,1,0.0
Individual.js,1,0.0
main.b69c9d17.js,1,0.0
338.bundle.js,1,0.0
599.bundle.js,1,0.0
bootstrap.js,1,0.0
keybumps.js,1,0.0
grow.js,1,0.0
inkLine.js,1,0.0
init.js,1,0.0
randomLine.js,1,0.0
inkPoint.js,1,0.0
MaskPass.js,1,0.0
rough.min.js,1,0.0
lmFunctionsFXHASH.js,1,0.0
tieUp.js,1,0.0
moon.js,1,0.0
tree2.js,1,0.0
cloud.js,1,0.0
static_js_2.c64760b8.chunk.js,1,0.0
static_js_main.238947b0.chunk.js,1,0.0
ease.js,1,0.0
lottie_api.minified.js,1,0.0
thresholdShader.js,1,0.0
p5.Framebuffer.min.js,1,0.0
drawIt.js,1,0.0
metronomeworker.js,1,0.0
main.36f621df.js,1,0.0
plants.js,1,0.0
sktch.js,1,0.0
vendor.ce714d9b390acb64a214.js,1,0.0
bundle.cb694904dc6c5c8153b1.js,1,0.0
m5.js,1,0.0
visual.js,1,0.0
edux.js,1,0.0
hatching.js,1,0.0
rectangle.js,1,0.0
designs.js,1,0.0
pastel.js,1,0.0
FocusShader.js,1,0.0
es-module-shims.js,1,0.0
FilmPass.js,1,0.0
RenderPass.js,1,0.0
BloomPass.js,1,0.0
ConvolutionShader.js,1,0.0
FilmShader.js,1,0.0
rsz.js,1,0.0
gl.js,1,0.0
fft-asm.js,1,0.0
sketch - Copie.js,1,0.0
moire.js,1,0.0
p5.fillGradient.js,1,0.0
p5.strokeGradient.js,1,0.0
minisynth.js,1,0.0
ntc.min.js,1,0.0
CellularAutomaton.js,1,0.0
WaveFunctionMatrix.js,1,0.0
WaveFunctionBlock.js,1,0.0
qrcode.js,1,0.0
ramoFlores.js,1,0.0
ramoF2.js,1,0.0
fragmentShader.js,1,0.0
shaderUtils.js,1,0.0
room.js,1,0.0
gl-matrix-min.js,1,0.0
visuals.js,1,0.0
visualsfunctions.js,1,0.0
params.js,1,0.0
p5Fbo.js,1,0.0
AmmoPhysics.js,1,0.0
OrbPlowO.js,1,0.0
pr.js,1,0.0
loadText.js,1,0.0
ccapture.js,1,0.0
uf.js,1,0.0
MDDLoader.js,1,0.0
LimiterEditor.js,1,0.0
PointsMaterialEditor.js,1,0.0
VRMLLoader.js,1,0.0
KTXLoader.js,1,0.0
helper.js,1,0.0
shdrPane.js,1,0.0
canvas.js,1,0.0
truchets.js,1,0.0
swatches.js,1,0.0
bgtruchet.js,1,0.0
ExperimentalCellular.js,1,0.0
silent.js,1,0.0
ramoF.js,1,0.0
medidas.js,1,0.0
ramoFlores2.js,1,0.0
AMFLoader.js,1,0.0
NormalEditor.js,1,0.0
3DMLoader.js,1,0.0
KTX2Loader.js,1,0.0
RGBMLoader.js,1,0.0
PDBLoader.js,1,0.0
tentacle.js,1,0.0
segment.js,1,0.0
capture.js,1,0.0
MIDI.js,1,0.0
fft.js,1,0.0
tx.js,1,0.0
LWOLoader.js,1,0.0
MeshEditor.js,1,0.0
3MFLoader.js,1,0.0
JoinEditor.js,1,0.0
InvertEditor.js,1,0.0
NormalMapEditor.js,1,0.0
BVHLoader.js,1,0.0
GCodeLoader.js,1,0.0
DRACOLoader.js,1,0.0
EXRLoader.js,1,0.0
folhaC.js,1,0.0
folha3.js,1,0.0
ramo1.js,1,0.0
ramo3.js,1,0.0
ramoFlores1.js,1,0.0
vasos.js,1,0.0
SplitEditor.js,1,0.0
FileURLEditor.js,1,0.0
MD2Loader.js,1,0.0
LottieLoader.js,1,0.0
FileEditor.js,1,0.0
SliderEditor.js,1,0.0
USDZLoader.js,1,0.0
KMZLoader.js,1,0.0
LogLuvLoader.js,1,0.0
BlendEditor.js,1,0.0
PositionEditor.js,1,0.0
STLLoader.js,1,0.0
MTLLoader.js,1,0.0
DataFile.js,1,0.0
TiltLoader.js,1,0.0
TextureEditor.js,1,0.0
PVRLoader.js,1,0.0
PreviewEditor.js,1,0.0
DotEditor.js,1,0.0
LWO3Parser.js,1,0.0
DDSLoader.js,1,0.0
TIFFLoader.js,1,0.0
TrigonometryEditor.js,1,0.0
StandardMaterialEditor.js,1,0.0
XYZLoader.js,1,0.0
PointsEditor.js,1,0.0
OscillatorEditor.js,1,0.0
PLYLoader.js,1,0.0
MaterialXLoader.js,1,0.0
PowerEditor.js,1,0.0
FontLoader.js,1,0.0
Vector2Editor.js,1,0.0
Vector4Editor.js,1,0.0
MMDLoader.js,1,0.0
TTFLoader.js,1,0.0
PRWMLoader.js,1,0.0
LightProbeGenerator.js,1,0.0
PCDLoader.js,1,0.0
TGALoader.js,1,0.0
IESLoader.js,1,0.0
ColorEditor.js,1,0.0
MatcapUVEditor.js,1,0.0
SVGLoader.js,1,0.0
LUTCubeLoader.js,1,0.0
LUT3dlLoader.js,1,0.0
IFFParser.js,1,0.0
HDRCubeTextureLoader.js,1,0.0
NormalizeEditor.js,1,0.0
Vector3Editor.js,1,0.0
AngleEditor.js,1,0.0
UVEditor.js,1,0.0
LWO2Parser.js,1,0.0
BasicMaterialEditor.js,1,0.0
Terrainspinner3.js,1,0.0
rita.js,1,0.0
TelluriaFlags.js,1,0.0
PiTool.js,1,0.0
p5.videorecorder.js,1,0.0
NRRDLoader.js,1,0.0
VTKLoader.js,1,0.0
ColladaLoader.js,1,0.0
CheckerEditor.js,1,0.0
OperatorEditor.js,1,0.0
NodeEditor.js,1,0.0
rayitos.js,1,0.0
BaseNode.js,1,0.0
VOXLoader.js,1,0.0
IESSpotLight.js,1,0.0
FloatEditor.js,1,0.0
colorful.js,1,0.0
lkmx.js,1,0.0
life.js,1,0.0
praslin.js,1,0.0
querystring.js,1,0.0
glitch.js,1,0.0
LDrawLoader.js,1,0.0
FBXLoader.js,1,0.0
TDSLoader.js,1,0.0
TimerEditor.js,1,0.0
Object3DEditor.js,1,0.0
starry.js,1,0.0
config.js,1,0.0
themes.js,1,0.0
r-b.js,1,0.0
blue.js,1,0.0
green.js,1,0.0
dark-matter.js,1,0.0
mountainC.js,1,0.0
mountainA.js,1,0.0
mountainB.js,1,0.0
BaseLSystem.js,1,0.0
blocks.js,1,0.0
mustard.js,1,0.0
matter-attractors.js,1,0.0
p5_150.js,1,0.0
matter.js,1,0.0
orange.js,1,0.0
infrarred.js,1,0.0
africana.js,1,0.0
easing.js,1,0.0
dinner.js,1,0.0
lo-fi.js,1,0.0
pillars.js,1,0.0
index.50744a3c.js,1,0.0
Zodiak_fx.js,1,0.0
p5svg.js,1,0.0
wutheringheights.js,1,0.0
index.1809f365.js,1,0.0
unstbl.js,1,0.0
nebula.js,1,0.0
confetti.js,1,0.0
high-voltage.js,1,0.0
debug.js,1,0.0
tool.js,1,0.0
leaves.js,1,0.0
manchas.js,1,0.0
tiling.js,1,0.0
Clock.js,1,0.0
flow3.js,1,0.0
234.bundle.js,1,0.0
blenderer.js,1,0.0
fxhash.min-1.js,1,0.0
banding.js,1,0.0
Z_Arc_and_Arch_Archipelago.js,1,0.0
approaching.js,1,0.0
dimensionless.js,1,0.0
chonps.js,1,0.0
saturated.js,1,0.0
two.js,1,0.0
500.js,1,0.0
fit-curve.js,1,0.0
curve_interpolator.js,1,0.0
worley_noise.js,1,0.0
spectral.min.js,1,0.0
roundpolygon.js,1,0.0
poisson_disk.min.js,1,0.0
pinceis.js,1,0.0
cps.js,1,0.0
continuum.js,1,0.0
faderslider.js,1,0.0
addsyn.js,1,0.0
biso.js,1,0.0
wasm_exec.js,1,0.0
particleSystem.js,1,0.0
tone.min.js,1,0.0
hydra-synth-min.js,1,0.0
748.js,1,0.0
work.js,1,0.0
atatp.js,1,0.0
q5.min.js,1,0.0
dadada.js,1,0.0
cmyker.js,1,0.0
mandala.js,1,0.0
donuts2.js,1,0.0
donuts.js,1,0.0
main_circle.js,1,0.0
main_donut.js,1,0.0
flying_octupus.js,1,0.0
constellation.js,1,0.0
kenzo.min.js,1,0.0
settings.js,1,0.0
shaderData.js,1,0.0
seedrandom.js,1,0.0
index-CdncdVIl.js,1,0.0
rampensau.umd.js,1,0.0
p5.asciify.umd.js,1,0.0
orbit_controls.js,1,0.0
TweenMax.min.js,1,0.0
color.global.js,1,0.0
doublebubbletrouble.js,1,0.0
com.cognitect.transit.impl.decoder.js,1,0.0
cljs.tools.reader.impl.inspect.js,1,0.0
sprog.webgl.textures.js,1,0.0
goog.labs.useragent.useragent.js,1,0.0
sprog.dev.hsv_demo.js,1,0.0
looseFlows.js,1,0.0
sizing.js,1,0.0
options.js,1,0.0
main.5de0f393.js,1,0.0
three.core.js,1,0.0
BufferGeometryUtils.js,1,0.0
MarchingCubes.js,1,0.0
Sky.js,1,0.0
Water.js,1,0.0
index-BRhuME0f.js,1,0.0
Index.js,1,0.0
sprog.dev.raymarch_demo.js,1,0.0
sri-fallback.js,1,0.0
screensaver.js,1,0.0
marchingCubes.js,1,0.0
TeapotBufferGeometry.js,1,0.0
controller.js,1,0.0
